<?xml version="1.0" encoding="UTF-8"?>
<project-private xmlns="http://www.netbeans.org/ns/project-private/1">
    <editor-bookmarks xmlns="http://www.netbeans.org/ns/editor-bookmarks/2" lastBookmarkId="0"/>
    <open-files xmlns="http://www.netbeans.org/ns/projectui-open-files/2">
        <group>
            <file>file:/C:/Users/ljubo/OneDrive/Documents/NetBeansProjects/Labb1Dis/web/loginprocess.jsp</file>
            <file>file:/C:/Users/ljubo/OneDrive/Documents/NetBeansProjects/Labb1Dis/web/index.jsp</file>
            <file>file:/C:/Users/ljubo/OneDrive/Documents/NetBeansProjects/Labb1Dis/web/login.jsp</file>
            <file>file:/C:/Users/ljubo/OneDrive/Documents/NetBeansProjects/Labb1Dis/src/java/Bo/ItemHandler.java</file>
            <file>file:/C:/Users/ljubo/OneDrive/Documents/NetBeansProjects/Labb1Dis/web/LoggedIn.jsp</file>
            <file>file:/C:/Users/ljubo/OneDrive/Documents/NetBeansProjects/Labb1Dis/web/cart.jsp</file>
        </group>
    </open-files>
</project-private>
